{"cameraMode":{"drawMode":0,"name":"Shaded","section":"Shading Mode"},"sceneLighting":true,"audioPlay":false,"sceneViewState":{"m_AlwaysRefresh":false,"showFog":true,"showSkybox":true,"showFlares":true,"showImageEffects":true,"showParticleSystems":true,"showVisualEffectGraphs":true,"m_FxEnabled":true},"in2DMode":false,"pivot":{"x":11.05129623413086,"y":23.627702713012697,"z":0.20725440979003907},"rotation":{"x":-0.00788058154284954,"y":0.9846457242965698,"z":0.1682007759809494,"w":0.046115562319755557},"size":18.26182746887207,"orthographic":false}