{"cameraMode":{"drawMode":0,"name":"Shaded","section":"Shading Mode"},"sceneLighting":true,"audioPlay":false,"sceneViewState":{"m_AlwaysRefresh":false,"showFog":true,"showSkybox":true,"showFlares":true,"showImageEffects":true,"showParticleSystems":true,"showVisualEffectGraphs":true,"m_FxEnabled":true},"in2DMode":false,"pivot":{"x":-14.633370399475098,"y":-7.666471481323242,"z":70.51225280761719},"rotation":{"x":-0.10006514191627503,"y":0.10603798925876618,"z":-0.010732827708125115,"w":-0.9892607927322388},"size":24.189315795898439,"orthographic":false}